koombea,19850104,(+57) 320 432 05 09,Madrid 256,371449635398431,koombea@koombea.com
abeacom,20100101,(+56) 560-482-05-09,Street 2012,5410236903643578,gmail@gmail.com
mike,20110228,(+56) 560-482-15-03,awesome,4024007181142711,asdasf@gmadasfil.com
molesa,19980331,(+66) 860-682-25-03,street 2,374653694604335,kie@java.com
adrian,20000331,(+61) 670 692 45 23,ariano,6011178346856485,adrian@rer.com
jo-ante,1980-10-21,(+91) 370 292 65 13,atmoina vereda,30238332415660,jo-ant@bull.com
abigal,2003-03-21,(+71) 970 192 85 93,abigalaada,4485270302756320,abigal.dad@lokl.br
jhon,2013-04-11,(+81) 170-292-85-93,jhon dela street,3574654245474972,jhon@untra.tp
maria,2001-03-23,(+71) 270-232-65-43,street square,342333261613196,rosan.minus@us.un
guga,20210310,(+11) 370-432-85-63,low in order th,4539707639332446,librea-ds@kjklk.kks
messias,2019-07-11,(+21) 380-132-95-93,square 12,5263423723313610,buff__sddf@ds.dk.ksjj
tory,2012-11-11,(+41) 380-432-05-13,caliba squara,4556783587541112,macido-sd_d@lkm.pok
mikai,20021201,(+51) 780-132-35-23,taliba,4556783587541112,ikai12-32@terras.lklk
admo$no,19850104,(+57) 320 432 05,Madrid 256,37144963539843,@koombea.com
taroma,2010010,(+56) 570-882-5-09,Street 2012,5410236903643578,tas@gmail.com
nikita,2012,(+1) 560-482-15-03,awesome,4024007181142711,asdasf@gmadasfil.com
#tauro23s titno,19980331,(+66) 860-682-25-03,street 2,374653694604335,kie@java.com
nan*oma kai,2001/04/30,(+71 670 692 45 23,moama,6011178346856485,@rer.com
gul&ama,980-10-21,(91) 770 a92 65 13,atmoina vereda,302383324,jo-ant@bull.com
ga d#sa1.,201303-21,+71) 970 192 85 93,galaiasda,4485270302756320,abigal.dad@lokl.br
maria oliver,2004-05-01,(8) 170-292-85-93,madison square,3574654245474972,oliver23untra.tp
pedrp peron123,2011-03-23,(+71) 270-232-65-43,,342333261613196,rosan.minus@us.un
gsdga,20210310,(+11) 370-432-85-63,low in order th,,librea-ds@kjklk.kks
messias,,(+21) 380-132-95-93,square 12,5263423723313610,Sdf@@df.co
tory,2012-11-11,(+41) 380-432-305-13,caliba squara,4556783587541112,macido-sd_d@lkm.pok
,20021201,(+51) 780-132-35-23,,4556783587541112,ikai12-32@terras.lklk
